{
  "upper_bound_coral": {
    "accuracy": 0.6346538615446179,
    "MAE": 0.38495398159263705,
    "quadratic_kappa": 0.5971315092674316,
    "confusion_matrix": [
      [
        609,
        169,
        9,
        3
      ],
      [
        341,
        846,
        69,
        5
      ],
      [
        13,
        249,
        104,
        34
      ],
      [
        4,
        8,
        9,
        27
      ]
    ],
    "baseline_kappa": 0.4844,
    "recalibrated_kappa": 0.5746
  }
}