Model,Val_Kappa,Val_Acc,Val_F1_Macro,Test_Kappa,Test_Acc,Test_F1_Macro
convnext_small_corn,0.9184142386007759,0.7995981001096091,0.7969373443425731,0.925764435339682,0.8048528652555498,0.7983872073934588
