{
  "ornn": {
    "accuracy": 0.4172036985149902,
    "MAE": 0.6396749789857102,
    "quadratic_kappa": 0.45975367969267633,
    "confusion_matrix": [
      [
        257,
        711,
        157,
        3
      ],
      [
        36,
        773,
        961,
        31
      ],
      [
        1,
        43,
        411,
        117
      ],
      [
        1,
        6,
        13,
        48
      ]
    ]
  },
  "coral": {
    "accuracy": 0.4900532362006164,
    "MAE": 0.552815914822079,
    "quadratic_kappa": 0.48441883089473403,
    "confusion_matrix": [
      [
        337,
        669,
        121,
        1
      ],
      [
        64,
        973,
        744,
        20
      ],
      [
        2,
        100,
        404,
        66
      ],
      [
        0,
        8,
        25,
        35
      ]
    ]
  },
  "corn": {
    "accuracy": 0.4886522835528159,
    "MAE": 0.5449705799943962,
    "quadratic_kappa": 0.4669078900593393,
    "confusion_matrix": [
      [
        270,
        763,
        94,
        1
      ],
      [
        54,
        1059,
        678,
        10
      ],
      [
        3,
        133,
        384,
        52
      ],
      [
        0,
        11,
        26,
        31
      ]
    ]
  }
}