{
  "recalibrated_coral_head": {
    "accuracy": 0.6270508203281312,
    "MAE": 0.3897559023609444,
    "quadratic_kappa": 0.5746031746031746,
    "confusion_matrix": [
      [
        606,
        174,
        8,
        2
      ],
      [
        367,
        819,
        74,
        1
      ],
      [
        14,
        249,
        132,
        5
      ],
      [
        5,
        5,
        28,
        10
      ]
    ],
    "baseline_kappa": 0.4844
  }
}