{
  "coral_hist_eq": {
    "accuracy": 0.29560100868590644,
    "MAE": 0.7960212944802466,
    "quadratic_kappa": 0.3295801719652385,
    "confusion_matrix": [
      [
        92,
        726,
        310,
        0
      ],
      [
        6,
        435,
        1348,
        12
      ],
      [
        0,
        17,
        495,
        60
      ],
      [
        0,
        5,
        30,
        33
      ]
    ]
  }
}